"Index","Laboratory","Diagnosis","Host species","Parasite strain","Parasitic count","Zoom","Additional Slide ID","Other Comments","Date added"
"137","Blagborough Imperial","positive","Mus musculus","Plasmodium falciparum","0","1","Test1","Test1
","2014-03-11"
"138","Blagborough Imperial","positive","Mus musculus","Plasmodium falciparum","0","1","Test2","Test2","2014-03-11"
"139","Blagborough Imperial","positive","Mus musculus","Plasmodium falciparum","0","1","Test3","Test3","2014-03-11"
"140","Blagborough Imperial","positive","Mus musculus","Plasmodium berghei","0","1","","","2014-03-11"
"141","Blagborough Imperial","positive","Mus musculus","Plasmodium falciparum","0","1","","","2014-03-11"
"142","Blagborough Imperial","positive","Mus musculus","Plasmodium falciparum","0","1","","","2014-03-11"
"143","Blagborough Imperial","positive","Mus musculus","Plasmodium falciparum","0","1","","","2014-03-11"
"144","Blagborough Imperial","positive","Mus musculus","Plasmodium falciparum","0","63","Actual image (not actuall","Unknown count","2014-03-11"
"145","Blagborough Imperial","positive","Mus musculus","Plasmodium falciparum","0","63","Real Image","","2014-03-11"
"146","Blagborough Imperial","positive","Mus musculus","Plasmodium berghei","0","1","test coverage","test coverage","2014-03-11"
"147","Blagborough Imperial","positive","Mus musculus","Plasmodium falciparum","0","2","test","test coverage","2014-03-11"
"148","Blagborough Imperial","positive","Mus musculus","Plasmodium falciparum","0","2","test","test with network connection","2014-03-12"
"149","Blagborough Imperial","positive","Mus musculus","Plasmodium berghei","0","1","Test!","","2014-03-12"
"190","Blagborough Imperial","positive","Mus musculus","Plasmodium falciparum","1","63","uploadSuccess1","thisisatest","2014-03-12"
"191","Blagborough Imperial","negative","Homo sapien","Plasmodium falciparum","0","80","uploadSuccess2","thisisatest2","2014-03-12"
"192","Blagborough Imperial","positive","Mus musculus","Plasmodium falciparum","1","63","uploadSuccess1","thisisatest","2014-03-12"
"193","Blagborough Imperial","negative","Homo sapien","Plasmodium falciparum","0","80","uploadSuccess2","thisisatest2","2014-03-12"
"194","Blagborough Imperial","positive","Mus musculus","Plasmodium falciparum","1","63","uploadSuccess1","thisisatest","2014-03-12"
"195","Blagborough Imperial","negative","Homo sapien","Plasmodium falciparum","0","80","uploadSuccess2","thisisatest2","2014-03-12"
"196","Blagborough Imperial","positive","Mus musculus","Plasmodium falciparum","1","63","uploadSuccess1","thisisatest","2014-03-12"
"197","Blagborough Imperial","negative","Homo sapien","Plasmodium falciparum","0","80","uploadSuccess2","thisisatest2","2014-03-12"
"198","Blagborough Imperial","positive","Mus musculus","Plasmodium falciparum","1","63","uploadSuccess1","thisisatest","2014-03-12"
"199","Blagborough Imperial","negative","Homo sapien","Plasmodium falciparum","0","80","uploadSuccess2","thisisatest2","2014-03-12"
"200","Blagborough Imperial","positive","Mus musculus","Plasmodium falciparum","1","63","uploadSuccess1","thisisatest","2014-03-12"
"201","Blagborough Imperial","negative","Homo sapien","Plasmodium falciparum","0","80","uploadSuccess2","thisisatest2","2014-03-12"
"202","Blagborough Imperial","positive","Mus musculus","Plasmodium falciparum","1","63","uploadSuccess1","thisisatest","2014-03-12"
"203","Blagborough Imperial","negative","Homo sapien","Plasmodium falciparum","0","80","uploadSuccess2","thisisatest2","2014-03-12"
"204","Blagborough Imperial","positive","Mus musculus","Plasmodium falciparum","1","63","uploadSuccess1","thisisatest","2014-03-12"
"205","Blagborough Imperial","negative","Homo sapien","Plasmodium falciparum","0","80","uploadSuccess2","thisisatest2","2014-03-12"
"206","Blagborough Imperial","positive","Mus musculus","Plasmodium falciparum","1","63","uploadSuccess1","thisisatest","2014-03-12"
"207","Blagborough Imperial","positive","Mus musculus","Plasmodium falciparum","1","63","uploadSuccess1","thisisatest","2014-03-12"
"208","Blagborough Imperial","negative","Homo sapien","Plasmodium falciparum","0","80","uploadSuccess2","thisisatest2","2014-03-12"
"209","Blagborough Imperial","positive","Mus musculus","Plasmodium falciparum","1","63","uploadSuccess1","thisisatest","2014-03-12"
"210","Blagborough Imperial","positive","Mus musculus","Plasmodium falciparum","1","63","uploadSuccess1","thisisatest","2014-03-12"
"211","Blagborough Imperial","negative","Homo sapien","Plasmodium falciparum","0","80","uploadSuccess2","thisisatest2","2014-03-12"
"212","Blagborough Imperial","positive","Mus musculus","Plasmodium falciparum","1","63","uploadSuccess1","thisisatest","2014-03-12"
"213","Blagborough Imperial","positive","Mus musculus","Plasmodium falciparum","1","63","uploadSuccess1","thisisatest","2014-03-12"
"214","Blagborough Imperial","negative","Homo sapien","Plasmodium falciparum","0","80","uploadSuccess2","thisisatest2","2014-03-12"
"218","Blagborough Imperial","positive","Mus musculus","Plasmodium falciparum","1","63","uploadSuccess1","thisisatest","2014-03-12"
"231","Blagborough Imperial","positive","Mus musculus","Plasmodium falciparum","1","63","uploadSuccess1","thisisatest","2014-03-12"
"232","Blagborough Imperial","positive","Mus musculus","Plasmodium falciparum","1","63","uploadSuccess1","thisisatest","2014-03-12"
"233","Blagborough Imperial","positive","Mus musculus","Plasmodium falciparum","1","63","uploadSuccess1","thisisatest","2014-03-12"
"234","Blagborough Imperial","positive","Mus musculus","Plasmodium falciparum","1","10","uploadSuccess5","thisisatest5","2014-03-12"
"235","Blagborough Imperial","positive","Mus musculus","Plasmodium falciparum","1","63","uploadSuccess1","thisisatest","2014-03-12"
"236","Blagborough Imperial","positive","Mus musculus","Plasmodium falciparum","1","63","uploadSuccess1","thisisatest","2014-03-12"
"237","Blagborough Imperial","negative","Homo sapien","Plasmodium falciparum","0","80","uploadSuccess2","thisisatest2","2014-03-12"
"238","Blagborough Imperial","positive","Mus musculus","Plasmodium falciparum","1","10","uploadSuccess5","thisisatest5","2014-03-12"
"239","Blagborough Imperial","positive","Mus musculus","Plasmodium falciparum","1","63","uploadSuccess1","thisisatest","2014-03-12"
"240","Blagborough Imperial","positive","Mus musculus","Plasmodium falciparum","1","63","uploadSuccess1","thisisatest","2014-03-12"
"241","Blagborough Imperial","negative","Homo sapien","Plasmodium falciparum","0","80","uploadSuccess2","thisisatest2","2014-03-12"
"242","Blagborough Imperial","positive","Mus musculus","Plasmodium falciparum","1","10","uploadSuccess3","thisisatest3","2014-03-12"
"243","Blagborough Imperial","negative","Mus musculus","Plasmodium berghei","0","10","","","2014-03-12"
"244","Blagborough Imperial","positive","Mus musculus","Plasmodium falciparum","1","10","uploadSuccess5","thisisatest5","2014-03-12"
"245","Blagborough Imperial","positive","Mus musculus","Plasmodium falciparum","1","63","uploadSuccess1","thisisatest","2014-03-12"
"246","Blagborough Imperial","positive","Mus musculus","Plasmodium falciparum","1","63","uploadSuccess1","thisisatest","2014-03-12"
"247","Blagborough Imperial","negative","Homo sapien","Plasmodium falciparum","0","80","uploadSuccess2","thisisatest2","2014-03-12"
"248","Blagborough Imperial","positive","Mus musculus","Plasmodium falciparum","1","10","uploadSuccess3","thisisatest3","2014-03-12"
"249","Blagborough Imperial","negative","Mus musculus","Plasmodium berghei","0","10","","","2014-03-12"
"250","Blagborough Imperial","positive","Mus musculus","Plasmodium falciparum","1","10","uploadSuccess5","thisisatest5","2014-03-12"
"251","Blagborough Imperial","positive","Mus musculus","Plasmodium falciparum","1","63","uploadSuccess1","thisisatest","2014-03-12"
"252","Blagborough Imperial","positive","Mus musculus","Plasmodium falciparum","1","63","uploadSuccess1","thisisatest","2014-03-12"
"253","Blagborough Imperial","negative","Homo sapien","Plasmodium falciparum","0","80","uploadSuccess2","thisisatest2","2014-03-12"
"254","Blagborough Imperial","positive","Mus musculus","Plasmodium falciparum","1","10","uploadSuccess3","thisisatest3","2014-03-12"
"255","Blagborough Imperial","negative","Mus musculus","Plasmodium berghei","0","10","","","2014-03-12"
"256","Blagborough Imperial","positive","Mus musculus","Plasmodium falciparum","1","10","uploadSuccess5","thisisatest5","2014-03-12"
"257","Blagborough Imperial","positive","Mus musculus","Plasmodium falciparum","1","63","uploadSuccess1","thisisatest","2014-03-12"
"258","Blagborough Imperial","positive","Mus musculus","Plasmodium falciparum","1","63","uploadSuccess1","thisisatest","2014-03-12"
"259","Blagborough Imperial","negative","Homo sapien","Plasmodium falciparum","0","80","uploadSuccess2","thisisatest2","2014-03-12"
"260","Blagborough Imperial","positive","Mus musculus","Plasmodium falciparum","1","10","uploadSuccess3","thisisatest3","2014-03-12"
"261","Blagborough Imperial","negative","Mus musculus","Plasmodium berghei","0","10","","","2014-03-12"
"262","Blagborough Imperial","positive","Mus musculus","Plasmodium falciparum","1","10","uploadSuccess5","thisisatest5","2014-03-12"
"263","Blagborough Imperial","positive","Mus musculus","Plasmodium falciparum","1","63","uploadSuccess1","thisisatest","2014-03-12"
"264","Blagborough Imperial","positive","Mus musculus","Plasmodium falciparum","1","63","uploadSuccess1","thisisatest","2014-03-12"
"265","Blagborough Imperial","negative","Homo sapien","Plasmodium falciparum","0","80","uploadSuccess2","thisisatest2","2014-03-12"
"266","Blagborough Imperial","positive","Mus musculus","Plasmodium falciparum","1","10","uploadSuccess3","thisisatest3","2014-03-12"
"267","Blagborough Imperial","negative","Mus musculus","Plasmodium berghei","0","10","","","2014-03-12"
"268","Blagborough Imperial","positive","Mus musculus","Plasmodium falciparum","1","10","uploadSuccess5","thisisatest5","2014-03-12"
"269","Blagborough Imperial","positive","Mus musculus","Plasmodium falciparum","1","63","uploadSuccess1","thisisatest","2014-03-12"
"270","Blagborough Imperial","positive","Mus musculus","Plasmodium falciparum","1","63","uploadSuccess1","thisisatest","2014-03-12"
"271","Blagborough Imperial","negative","Homo sapien","Plasmodium falciparum","0","80","uploadSuccess2","thisisatest2","2014-03-12"
"272","Blagborough Imperial","positive","Mus musculus","Plasmodium falciparum","1","10","uploadSuccess3","thisisatest3","2014-03-12"
"273","Blagborough Imperial","negative","Mus musculus","Plasmodium berghei","0","10","","","2014-03-12"
"274","Blagborough Imperial","positive","Mus musculus","Plasmodium falciparum","1","10","uploadSuccess5","thisisatest5","2014-03-12"
"275","Blagborough Imperial","positive","Mus musculus","Plasmodium falciparum","1","63","uploadSuccess1","thisisatest","2014-03-12"
"276","Blagborough Imperial","positive","Mus musculus","Plasmodium falciparum","1","63","uploadSuccess1","thisisatest","2014-03-12"
"277","Blagborough Imperial","negative","Homo sapien","Plasmodium falciparum","0","80","uploadSuccess2","thisisatest2","2014-03-12"
"278","Blagborough Imperial","positive","Mus musculus","Plasmodium falciparum","1","10","uploadSuccess3","thisisatest3","2014-03-12"
"279","Blagborough Imperial","negative","Mus musculus","Plasmodium berghei","0","10","","","2014-03-12"
"280","Blagborough Imperial","positive","Mus musculus","Plasmodium falciparum","1","10","uploadSuccess5","thisisatest5","2014-03-12"
"281","Blagborough Imperial","positive","Mus musculus","Plasmodium falciparum","1","63","uploadSuccess1","thisisatest","2014-03-12"
"282","Blagborough Imperial","positive","Mus musculus","Plasmodium falciparum","1","63","uploadSuccess1","thisisatest","2014-03-12"
"283","Blagborough Imperial","negative","Homo sapien","Plasmodium falciparum","0","80","uploadSuccess2","thisisatest2","2014-03-12"
"284","Blagborough Imperial","positive","Mus musculus","Plasmodium falciparum","1","10","uploadSuccess3","thisisatest3","2014-03-12"
"285","Blagborough Imperial","negative","Mus musculus","Plasmodium berghei","0","10","","","2014-03-12"
"286","Blagborough Imperial","positive","Mus musculus","Plasmodium falciparum","1","10","uploadSuccess5","thisisatest5","2014-03-12"
"287","Blagborough Imperial","positive","Mus musculus","Plasmodium falciparum","1","63","uploadSuccess1","thisisatest","2014-03-12"
"288","Blagborough Imperial","positive","Mus musculus","Plasmodium falciparum","1","63","uploadSuccess1","thisisatest","2014-03-12"
"289","Blagborough Imperial","negative","Homo sapien","Plasmodium falciparum","0","80","uploadSuccess2","thisisatest2","2014-03-12"
"290","Blagborough Imperial","positive","Mus musculus","Plasmodium falciparum","1","10","uploadSuccess3","thisisatest3","2014-03-12"
"291","Blagborough Imperial","negative","Mus musculus","Plasmodium berghei","0","10","","","2014-03-12"
"292","Blagborough Imperial","positive","Mus musculus","Plasmodium falciparum","1","10","uploadSuccess5","thisisatest5","2014-03-12"
"293","Blagborough Imperial","positive","Mus musculus","Plasmodium falciparum","1","63","uploadSuccess1","thisisatest","2014-03-12"
"294","Blagborough Imperial","negative","Homo sapien","Plasmodium falciparum","0","80","uploadSuccess2","thisisatest2","2014-03-12"
"295","Blagborough Imperial","positive","Mus musculus","Plasmodium falciparum","1","10","uploadSuccess3","thisisatest3","2014-03-12"
"296","Blagborough Imperial","negative","Mus musculus","Plasmodium berghei","0","10","","","2014-03-12"
"297","Blagborough Imperial","positive","Mus musculus","Plasmodium falciparum","1","10","uploadSuccess5","thisisatest5","2014-03-12"
"298","Blagborough Imperial","positive","Mus musculus","Plasmodium falciparum","1","63","uploadSuccess1","thisisatest","2014-03-12"
"299","Blagborough Imperial","negative","Homo sapien","Plasmodium falciparum","0","80","uploadSuccess2","thisisatest2","2014-03-12"
"300","Blagborough Imperial","positive","Mus musculus","Plasmodium falciparum","1","10","uploadSuccess3","thisisatest3","2014-03-12"
"301","Blagborough Imperial","negative","Mus musculus","Plasmodium berghei","0","10","","","2014-03-12"
"302","Blagborough Imperial","positive","Mus musculus","Plasmodium falciparum","1","10","uploadSuccess5","thisisatest5","2014-03-12"
"303","Blagborough Imperial","positive","Mus musculus","Plasmodium falciparum","1","63","uploadSuccess1","thisisatest","2014-03-12"
"304","Blagborough Imperial","negative","Homo sapien","Plasmodium falciparum","0","80","uploadSuccess2","thisisatest2","2014-03-12"
"305","Blagborough Imperial","positive","Mus musculus","Plasmodium falciparum","1","10","uploadSuccess3","thisisatest3","2014-03-12"
"306","Blagborough Imperial","negative","Mus musculus","Plasmodium berghei","0","10","","","2014-03-12"
"307","Blagborough Imperial","positive","Mus musculus","Plasmodium falciparum","1","10","uploadSuccess5","thisisatest5","2014-03-12"
"308","Blagborough Imperial","positive","Mus musculus","Plasmodium falciparum","1","63","uploadSuccess1","thisisatest","2014-03-12"
"309","Blagborough Imperial","negative","Homo sapien","Plasmodium falciparum","0","80","uploadSuccess2","thisisatest2","2014-03-12"
"310","Blagborough Imperial","positive","Mus musculus","Plasmodium falciparum","1","10","uploadSuccess3","thisisatest3","2014-03-12"
"311","Blagborough Imperial","negative","Mus musculus","Plasmodium berghei","0","10","","","2014-03-12"
"312","Blagborough Imperial","positive","Mus musculus","Plasmodium falciparum","1","10","uploadSuccess5","thisisatest5","2014-03-12"
"313","Blagborough Imperial","positive","Mus musculus","Plasmodium falciparum","1","63","uploadSuccess1","thisisatest","2014-03-12"
"314","Blagborough Imperial","negative","Homo sapien","Plasmodium falciparum","0","80","uploadSuccess2","thisisatest2","2014-03-12"
"315","Blagborough Imperial","positive","Mus musculus","Plasmodium falciparum","1","10","uploadSuccess3","thisisatest3","2014-03-12"
"316","Blagborough Imperial","negative","Mus musculus","Plasmodium berghei","0","10","","","2014-03-12"
"317","Blagborough Imperial","positive","Mus musculus","Plasmodium falciparum","1","10","uploadSuccess5","thisisatest5","2014-03-12"
"318","Blagborough Imperial","positive","Mus musculus","Plasmodium falciparum","1","63","uploadSuccess1","thisisatest","2014-03-12"
"319","Blagborough Imperial","negative","Homo sapien","Plasmodium falciparum","0","80","uploadSuccess2","thisisatest2","2014-03-12"
"320","Blagborough Imperial","positive","Mus musculus","Plasmodium falciparum","1","10","uploadSuccess3","thisisatest3","2014-03-12"
"321","Blagborough Imperial","negative","Mus musculus","Plasmodium berghei","0","10","","","2014-03-12"
"322","Blagborough Imperial","positive","Mus musculus","Plasmodium falciparum","1","10","uploadSuccess5","thisisatest5","2014-03-12"
"323","Blagborough Imperial","positive","Mus musculus","Plasmodium falciparum","1","63","uploadSuccess1","thisisatest","2014-03-12"
"324","Blagborough Imperial","negative","Homo sapien","Plasmodium falciparum","0","80","uploadSuccess2","thisisatest2","2014-03-12"
"325","Blagborough Imperial","positive","Mus musculus","Plasmodium falciparum","1","10","uploadSuccess3","thisisatest3","2014-03-12"
"326","Blagborough Imperial","negative","Mus musculus","Plasmodium berghei","0","10","","","2014-03-12"
"327","Blagborough Imperial","positive","Mus musculus","Plasmodium falciparum","1","10","uploadSuccess5","thisisatest5","2014-03-12"
"328","Blagborough Imperial","positive","Mus musculus","Plasmodium falciparum","1","63","uploadSuccess1","thisisatest","2014-03-12"
"329","Blagborough Imperial","negative","Homo sapien","Plasmodium falciparum","0","80","uploadSuccess2","thisisatest2","2014-03-12"
"330","Blagborough Imperial","positive","Mus musculus","Plasmodium falciparum","1","10","uploadSuccess3","thisisatest3","2014-03-12"
"331","Blagborough Imperial","negative","Mus musculus","Plasmodium berghei","0","10","","","2014-03-12"
"332","Blagborough Imperial","positive","Mus musculus","Plasmodium falciparum","1","10","uploadSuccess5","thisisatest5","2014-03-12"
"333","Blagborough Imperial","positive","Mus musculus","Plasmodium falciparum","1","63","uploadSuccess1","thisisatest","2014-03-12"
"334","Blagborough Imperial","negative","Homo sapien","Plasmodium falciparum","0","80","uploadSuccess2","thisisatest2","2014-03-12"
"335","Blagborough Imperial","positive","Mus musculus","Plasmodium falciparum","1","10","uploadSuccess3","thisisatest3","2014-03-12"
"336","Blagborough Imperial","negative","Mus musculus","Plasmodium berghei","0","10","","","2014-03-12"
"337","Blagborough Imperial","positive","Mus musculus","Plasmodium falciparum","1","10","uploadSuccess5","thisisatest5","2014-03-12"
"338","Blagborough Imperial","positive","Mus musculus","Plasmodium falciparum","1","63","uploadSuccess1","thisisatest","2014-03-12"
"339","Blagborough Imperial","positive","Mus musculus","Plasmodium falciparum","1","63","uploadSuccess1","thisisatest","2014-03-12"
"340","Blagborough Imperial","negative","Homo sapien","Plasmodium falciparum","0","80","uploadSuccess2","thisisatest2","2014-03-12"
"341","Blagborough Imperial","positive","Mus musculus","Plasmodium falciparum","1","10","uploadSuccess3","thisisatest3","2014-03-12"
"342","Blagborough Imperial","negative","Mus musculus","Plasmodium berghei","0","10","","","2014-03-12"
"343","Blagborough Imperial","positive","Mus musculus","Plasmodium falciparum","1","10","uploadSuccess5","thisisatest5","2014-03-12"
"344","Blagborough Imperial","positive","Mus musculus","Plasmodium falciparum","1","63","uploadSuccess1","thisisatest","2014-03-12"
"345","Blagborough Imperial","positive","Mus musculus","Plasmodium falciparum","1","63","uploadSuccess1","thisisatest","2014-03-12"
"346","Blagborough Imperial","negative","Homo sapien","Plasmodium falciparum","0","80","uploadSuccess2","thisisatest2","2014-03-12"
"347","Blagborough Imperial","positive","Mus musculus","Plasmodium falciparum","1","10","uploadSuccess3","thisisatest3","2014-03-12"
"348","Blagborough Imperial","negative","Mus musculus","Plasmodium berghei","0","10","","","2014-03-12"
"349","Blagborough Imperial","positive","Mus musculus","Plasmodium falciparum","1","10","uploadSuccess5","thisisatest5","2014-03-12"
"350","Blagborough Imperial","positive","Mus musculus","Plasmodium falciparum","0","1","","","2014-03-12"
"351","Blagborough Imperial","positive","Mus musculus","Plasmodium falciparum","1","63","uploadSuccess1","thisisatest","2014-03-12"
"352","Blagborough Imperial","positive","Mus musculus","Plasmodium falciparum","1","63","uploadSuccess1","thisisatest","2014-03-12"
"353","Blagborough Imperial","negative","Homo sapien","Plasmodium falciparum","0","80","uploadSuccess2","thisisatest2","2014-03-12"
"354","Blagborough Imperial","positive","Mus musculus","Plasmodium falciparum","1","10","uploadSuccess3","thisisatest3","2014-03-12"
"355","Blagborough Imperial","negative","Mus musculus","Plasmodium berghei","0","10","","","2014-03-12"
"356","Blagborough Imperial","positive","Mus musculus","Plasmodium falciparum","1","10","uploadSuccess5","thisisatest5","2014-03-12"
"357","Blagborough Imperial","positive","Mus musculus","Plasmodium falciparum","1","63","uploadSuccess1","thisisatest","2014-03-12"
"358","Blagborough Imperial","positive","Mus musculus","Plasmodium falciparum","1","63","uploadSuccess1","thisisatest","2014-03-12"
"359","Blagborough Imperial","negative","Homo sapien","Plasmodium falciparum","0","80","uploadSuccess2","thisisatest2","2014-03-12"
"360","Blagborough Imperial","positive","Mus musculus","Plasmodium falciparum","1","10","uploadSuccess3","thisisatest3","2014-03-12"
"361","Blagborough Imperial","negative","Mus musculus","Plasmodium berghei","0","10","","","2014-03-12"
"362","Blagborough Imperial","positive","Mus musculus","Plasmodium falciparum","1","10","uploadSuccess5","thisisatest5","2014-03-12"
"363","Blagborough Imperial","positive","Mus musculus","Plasmodium falciparum","1","63","uploadSuccess1","thisisatest","2014-03-12"
"364","Blagborough Imperial","positive","Mus musculus","Plasmodium falciparum","1","63","uploadSuccess1","thisisatest","2014-03-12"
"365","Blagborough Imperial","negative","Homo sapien","Plasmodium falciparum","0","80","uploadSuccess2","thisisatest2","2014-03-12"
"366","Blagborough Imperial","positive","Mus musculus","Plasmodium falciparum","1","10","uploadSuccess3","thisisatest3","2014-03-12"
"367","Blagborough Imperial","negative","Mus musculus","Plasmodium berghei","0","10","","","2014-03-12"
"368","Blagborough Imperial","positive","Mus musculus","Plasmodium falciparum","1","10","uploadSuccess5","thisisatest5","2014-03-12"
"369","Blagborough Imperial","positive","Mus musculus","Plasmodium falciparum","1","63","uploadSuccess1","thisisatest","2014-03-12"
"370","Blagborough Imperial","positive","Mus musculus","Plasmodium falciparum","1","63","uploadSuccess1","thisisatest","2014-03-12"
"371","Blagborough Imperial","negative","Homo sapien","Plasmodium falciparum","0","80","uploadSuccess2","thisisatest2","2014-03-12"
"372","Blagborough Imperial","positive","Mus musculus","Plasmodium falciparum","1","10","uploadSuccess3","thisisatest3","2014-03-12"
"373","Blagborough Imperial","negative","Mus musculus","Plasmodium berghei","0","10","","","2014-03-12"
"374","Blagborough Imperial","positive","Mus musculus","Plasmodium falciparum","1","10","uploadSuccess5","thisisatest5","2014-03-12"
"375","Blagborough Imperial","positive","Mus musculus","Plasmodium falciparum","1","63","uploadSuccess1","thisisatest","2014-03-12"
"376","Blagborough Imperial","positive","Mus musculus","Plasmodium falciparum","1","63","uploadSuccess1","thisisatest","2014-03-12"
"377","Blagborough Imperial","negative","Homo sapien","Plasmodium falciparum","0","80","uploadSuccess2","thisisatest2","2014-03-12"
"378","Blagborough Imperial","positive","Mus musculus","Plasmodium falciparum","1","10","uploadSuccess3","thisisatest3","2014-03-12"
"379","Blagborough Imperial","negative","Mus musculus","Plasmodium berghei","0","10","","","2014-03-12"
"380","Blagborough Imperial","positive","Mus musculus","Plasmodium falciparum","1","10","uploadSuccess5","thisisatest5","2014-03-12"
"381","Blagborough Imperial","positive","Mus musculus","Plasmodium falciparum","1","63","uploadSuccess1","thisisatest","2014-03-12"
"382","Blagborough Imperial","positive","Mus musculus","Plasmodium falciparum","1","63","uploadSuccess1","thisisatest","2014-03-12"
"383","Blagborough Imperial","negative","Homo sapien","Plasmodium falciparum","0","80","uploadSuccess2","thisisatest2","2014-03-12"
"384","Blagborough Imperial","positive","Mus musculus","Plasmodium falciparum","1","10","uploadSuccess3","thisisatest3","2014-03-12"
"385","Blagborough Imperial","negative","Mus musculus","Plasmodium berghei","0","10","","","2014-03-12"
"386","Blagborough Imperial","positive","Mus musculus","Plasmodium falciparum","1","10","uploadSuccess5","thisisatest5","2014-03-12"
"387","Blagborough Imperial","positive","Mus musculus","Plasmodium falciparum","1","63","uploadSuccess1","thisisatest","2014-03-12"
"388","Blagborough Imperial","positive","Mus musculus","Plasmodium falciparum","1","63","uploadSuccess1","thisisatest","2014-03-12"
"389","Blagborough Imperial","negative","Homo sapien","Plasmodium falciparum","0","80","uploadSuccess2","thisisatest2","2014-03-12"
"390","Blagborough Imperial","positive","Mus musculus","Plasmodium falciparum","1","10","uploadSuccess3","thisisatest3","2014-03-12"
"391","Blagborough Imperial","negative","Mus musculus","Plasmodium berghei","0","10","","","2014-03-12"
"392","Blagborough Imperial","positive","Mus musculus","Plasmodium falciparum","1","10","uploadSuccess5","thisisatest5","2014-03-12"
"393","Blagborough Imperial","positive","Mus musculus","Plasmodium falciparum","1","63","uploadSuccess1","thisisatest","2014-03-12"
"394","Blagborough Imperial","positive","Mus musculus","Plasmodium falciparum","1","63","uploadSuccess1","thisisatest","2014-03-12"
"395","Blagborough Imperial","negative","Homo sapien","Plasmodium falciparum","0","80","uploadSuccess2","thisisatest2","2014-03-12"
"396","Blagborough Imperial","positive","Mus musculus","Plasmodium falciparum","1","10","uploadSuccess3","thisisatest3","2014-03-12"
"397","Blagborough Imperial","negative","Mus musculus","Plasmodium berghei","0","10","","","2014-03-12"
"398","Blagborough Imperial","positive","Mus musculus","Plasmodium falciparum","1","10","uploadSuccess5","thisisatest5","2014-03-12"
"417","Blagborough Imperial","positive","Mus musculus","Plasmodium falciparum","0","1","","","2014-03-13"
"418","Blagborough Imperial","positive","Mus musculus","Plasmodium falciparum","1","63","uploadSuccess1","thisisatest","2014-03-13"
"419","Blagborough Imperial","positive","Mus musculus","Plasmodium falciparum","1","63","uploadSuccess1","thisisatest","2014-03-13"
"420","Blagborough Imperial","negative","Homo sapien","Plasmodium falciparum","0","80","uploadSuccess2","thisisatest2","2014-03-13"
"421","Blagborough Imperial","positive","Mus musculus","Plasmodium falciparum","1","10","uploadSuccess3","thisisatest3","2014-03-13"
"422","Blagborough Imperial","negative","Mus musculus","Plasmodium berghei","0","10","","","2014-03-13"
"423","Blagborough Imperial","positive","Mus musculus","Plasmodium falciparum","1","10","uploadSuccess5","thisisatest5","2014-03-13"
"424","Blagborough Imperial","positive","Mus musculus","Plasmodium falciparum","1","63","uploadSuccess1","thisisatest","2014-03-13"
"425","Blagborough Imperial","positive","Mus musculus","Plasmodium falciparum","1","63","uploadSuccess1","thisisatest","2014-03-13"
"426","Blagborough Imperial","negative","Homo sapien","Plasmodium falciparum","0","80","uploadSuccess2","thisisatest2","2014-03-13"
"427","Blagborough Imperial","positive","Mus musculus","Plasmodium falciparum","1","10","uploadSuccess3","thisisatest3","2014-03-13"
"428","Blagborough Imperial","negative","Mus musculus","Plasmodium berghei","0","10","","","2014-03-13"
"429","Blagborough Imperial","positive","Mus musculus","Plasmodium falciparum","1","10","uploadSuccess5","thisisatest5","2014-03-13"
"430","Blagborough Imperial","positive","Mus musculus","Plasmodium falciparum","1","63","uploadSuccess1","thisisatest","2014-03-13"
"431","Blagborough Imperial","positive","Mus musculus","Plasmodium falciparum","1","63","uploadSuccess1","thisisatest","2014-03-13"
"432","Blagborough Imperial","negative","Homo sapien","Plasmodium falciparum","0","80","uploadSuccess2","thisisatest2","2014-03-13"
"433","Blagborough Imperial","positive","Mus musculus","Plasmodium falciparum","1","10","uploadSuccess3","thisisatest3","2014-03-13"
"434","Blagborough Imperial","negative","Mus musculus","Plasmodium berghei","0","10","","","2014-03-13"
"435","Blagborough Imperial","positive","Mus musculus","Plasmodium falciparum","1","10","uploadSuccess5","thisisatest5","2014-03-13"
"436","Blagborough Imperial","positive","Mus musculus","Plasmodium falciparum","1","63","uploadSuccess1","thisisatest","2014-03-13"
"437","Blagborough Imperial","positive","Mus musculus","Plasmodium falciparum","1","63","uploadSuccess1","thisisatest","2014-03-13"
"438","Blagborough Imperial","negative","Homo sapien","Plasmodium falciparum","0","80","uploadSuccess2","thisisatest2","2014-03-13"
"439","Blagborough Imperial","positive","Mus musculus","Plasmodium falciparum","1","10","uploadSuccess3","thisisatest3","2014-03-13"
"440","Blagborough Imperial","negative","Mus musculus","Plasmodium berghei","0","10","","","2014-03-13"
"441","Blagborough Imperial","positive","Mus musculus","Plasmodium falciparum","1","10","uploadSuccess5","thisisatest5","2014-03-13"
"442","Blagborough Imperial","positive","Mus musculus","Plasmodium falciparum","1","63","uploadSuccess1","thisisatest","2014-03-13"
"443","Blagborough Imperial","positive","Mus musculus","Plasmodium falciparum","1","63","uploadSuccess1","thisisatest","2014-03-13"
"444","Blagborough Imperial","negative","Homo sapien","Plasmodium falciparum","0","80","uploadSuccess2","thisisatest2","2014-03-13"
"445","Blagborough Imperial","positive","Mus musculus","Plasmodium falciparum","1","10","uploadSuccess3","thisisatest3","2014-03-13"
"446","Blagborough Imperial","negative","Mus musculus","Plasmodium berghei","0","10","","","2014-03-13"
"447","Blagborough Imperial","positive","Mus musculus","Plasmodium falciparum","1","10","uploadSuccess5","thisisatest5","2014-03-13"
"448","Blagborough Imperial","positive","Mus musculus","Plasmodium falciparum","1","63","uploadSuccess1","thisisatest","2014-03-13"
"449","Blagborough Imperial","positive","Mus musculus","Plasmodium falciparum","1","63","uploadSuccess1","thisisatest","2014-03-13"
"450","Blagborough Imperial","negative","Homo sapien","Plasmodium falciparum","0","80","uploadSuccess2","thisisatest2","2014-03-13"
"451","Blagborough Imperial","positive","Mus musculus","Plasmodium falciparum","1","10","uploadSuccess3","thisisatest3","2014-03-13"
"452","Blagborough Imperial","negative","Mus musculus","Plasmodium berghei","0","10","","","2014-03-13"
"453","Blagborough Imperial","positive","Mus musculus","Plasmodium falciparum","1","10","uploadSuccess5","thisisatest5","2014-03-13"
"454","Blagborough Imperial","positive","Mus musculus","Plasmodium falciparum","1","63","uploadSuccess1","thisisatest","2014-03-13"
"455","Blagborough Imperial","positive","Mus musculus","Plasmodium falciparum","1","63","uploadSuccess1","thisisatest","2014-03-13"
"456","Blagborough Imperial","negative","Homo sapien","Plasmodium falciparum","0","80","uploadSuccess2","thisisatest2","2014-03-13"
"457","Blagborough Imperial","positive","Mus musculus","Plasmodium falciparum","1","10","uploadSuccess3","thisisatest3","2014-03-13"
"458","Blagborough Imperial","negative","Mus musculus","Plasmodium berghei","0","10","","","2014-03-13"
"459","Blagborough Imperial","positive","Mus musculus","Plasmodium falciparum","1","10","uploadSuccess5","thisisatest5","2014-03-13"
"460","Blagborough Imperial","positive","Mus musculus","Plasmodium falciparum","1","63","uploadSuccess1","thisisatest","2014-03-13"
"461","Blagborough Imperial","positive","Mus musculus","Plasmodium falciparum","1","63","uploadSuccess1","thisisatest","2014-03-13"
"462","Blagborough Imperial","negative","Homo sapien","Plasmodium falciparum","0","80","uploadSuccess2","thisisatest2","2014-03-13"
"463","Blagborough Imperial","positive","Mus musculus","Plasmodium falciparum","1","10","uploadSuccess3","thisisatest3","2014-03-13"
"464","Blagborough Imperial","negative","Mus musculus","Plasmodium berghei","0","10","","","2014-03-13"
"465","Blagborough Imperial","positive","Mus musculus","Plasmodium falciparum","1","10","uploadSuccess5","thisisatest5","2014-03-13"
"466","Blagborough Imperial","positive","Mus musculus","Plasmodium falciparum","1","63","uploadSuccess1","thisisatest","2014-03-13"
"467","Blagborough Imperial","positive","Mus musculus","Plasmodium falciparum","1","63","uploadSuccess1","thisisatest","2014-03-13"
"468","Blagborough Imperial","negative","Homo sapien","Plasmodium falciparum","0","80","uploadSuccess2","thisisatest2","2014-03-13"
"469","Blagborough Imperial","positive","Mus musculus","Plasmodium falciparum","1","10","uploadSuccess3","thisisatest3","2014-03-13"
"470","Blagborough Imperial","negative","Mus musculus","Plasmodium berghei","0","10","","","2014-03-13"
"471","Blagborough Imperial","positive","Mus musculus","Plasmodium falciparum","1","10","uploadSuccess5","thisisatest5","2014-03-13"
"472","Blagborough Imperial","positive","Mus musculus","Plasmodium falciparum","1","63","uploadSuccess1","thisisatest","2014-03-13"
"473","Blagborough Imperial","positive","Mus musculus","Plasmodium falciparum","1","63","uploadSuccess1","thisisatest","2014-03-13"
"474","Blagborough Imperial","negative","Homo sapien","Plasmodium falciparum","0","80","uploadSuccess2","thisisatest2","2014-03-13"
"475","Blagborough Imperial","positive","Mus musculus","Plasmodium falciparum","1","10","uploadSuccess3","thisisatest3","2014-03-13"
"476","Blagborough Imperial","negative","Mus musculus","Plasmodium berghei","0","10","","","2014-03-13"
"477","Blagborough Imperial","positive","Mus musculus","Plasmodium falciparum","1","10","uploadSuccess5","thisisatest5","2014-03-13"
"478","Blagborough Imperial","positive","Mus musculus","Plasmodium falciparum","1","63","uploadSuccess1","thisisatest","2014-03-13"
"479","Blagborough Imperial","positive","Mus musculus","Plasmodium falciparum","1","63","uploadSuccess1","thisisatest","2014-03-13"
"480","Blagborough Imperial","negative","Homo sapien","Plasmodium falciparum","0","80","uploadSuccess2","thisisatest2","2014-03-13"
"481","Blagborough Imperial","positive","Mus musculus","Plasmodium falciparum","1","10","uploadSuccess3","thisisatest3","2014-03-13"
"482","Blagborough Imperial","negative","Mus musculus","Plasmodium berghei","0","10","","","2014-03-13"
"483","Blagborough Imperial","positive","Mus musculus","Plasmodium falciparum","1","10","uploadSuccess5","thisisatest5","2014-03-13"
"484","Blagborough Imperial","positive","Mus musculus","Plasmodium falciparum","1","63","uploadSuccess1","thisisatest","2014-03-13"
"485","Blagborough Imperial","positive","Mus musculus","Plasmodium falciparum","1","63","uploadSuccess1","thisisatest","2014-03-13"
"486","Blagborough Imperial","negative","Homo sapien","Plasmodium falciparum","0","80","uploadSuccess2","thisisatest2","2014-03-13"
"487","Blagborough Imperial","positive","Mus musculus","Plasmodium falciparum","1","10","uploadSuccess3","thisisatest3","2014-03-13"
"488","Blagborough Imperial","negative","Mus musculus","Plasmodium berghei","0","10","","","2014-03-13"
"489","Blagborough Imperial","positive","Mus musculus","Plasmodium falciparum","1","10","uploadSuccess5","thisisatest5","2014-03-13"
"490","Blagborough Imperial","positive","Mus musculus","Plasmodium falciparum","1","63","uploadSuccess1","thisisatest","2014-03-13"
"491","Blagborough Imperial","positive","Mus musculus","Plasmodium falciparum","1","63","uploadSuccess1","thisisatest","2014-03-13"
"492","Blagborough Imperial","negative","Homo sapien","Plasmodium falciparum","0","80","uploadSuccess2","thisisatest2","2014-03-13"
"493","Blagborough Imperial","positive","Mus musculus","Plasmodium falciparum","1","63","uploadSuccess1","thisisatest","2014-03-13"
"494","Blagborough Imperial","negative","Homo sapien","Plasmodium falciparum","0","80","uploadSuccess2","thisisatest2","2014-03-13"
"495","Blagborough Imperial","positive","Mus musculus","Plasmodium falciparum","1","63","uploadSuccess1","thisisatest","2014-03-13"
"496","Blagborough Imperial","positive","Mus musculus","Plasmodium falciparum","1","63","uploadSuccess1","thisisatest","2014-03-13"
"497","Blagborough Imperial","positive","Mus musculus","Plasmodium falciparum","1","63","uploadSuccess1","thisisatest","2014-03-13"
"498","Blagborough Imperial","positive","Mus musculus","Plasmodium falciparum","1","63","uploadSuccess1","thisisatest","2014-03-13"
"499","Blagborough Imperial","negative","Homo sapien","Plasmodium falciparum","0","80","uploadSuccess2","thisisatest2","2014-03-13"
"500","Blagborough Imperial","positive","Mus musculus","Plasmodium falciparum","1","63","uploadSuccess1","thisisatest","2014-03-13"
"501","Blagborough Imperial","positive","Mus musculus","Plasmodium falciparum","1","63","uploadSuccess1","thisisatest","2014-03-13"
"502","Blagborough Imperial","positive","Mus musculus","Plasmodium falciparum","1","63","uploadSuccess1","thisisatest","2014-03-13"
"503","Blagborough Imperial","positive","Mus musculus","Plasmodium falciparum","1","63","uploadSuccess1","thisisatest","2014-03-13"
"504","Blagborough Imperial","positive","Mus musculus","Plasmodium falciparum","1","63","uploadSuccess1","thisisatest","2014-03-13"
"505","Blagborough Imperial","positive","Mus musculus","Plasmodium falciparum","1","63","uploadSuccess1","thisisatest","2014-03-13"
"506","Blagborough Imperial","positive","Mus musculus","Plasmodium falciparum","1","63","uploadSuccess1","thisisatest","2014-03-13"
"507","Blagborough Imperial","positive","Mus musculus","Plasmodium falciparum","1","63","uploadSuccess1","thisisatest","2014-03-13"
"508","Blagborough Imperial","positive","Mus musculus","Plasmodium falciparum","1","63","uploadSuccess1","thisisatest","2014-03-13"
"509","Blagborough Imperial","positive","Mus musculus","Plasmodium falciparum","1","63","uploadSuccess1","thisisatest","2014-03-13"
"510","Blagborough Imperial","negative","Homo sapien","Plasmodium falciparum","0","80","uploadSuccess2","thisisatest2","2014-03-13"
"511","Blagborough Imperial","positive","Mus musculus","Plasmodium falciparum","1","63","uploadSuccess1","thisisatest","2014-03-13"
"512","Blagborough Imperial","negative","Homo sapien","Plasmodium falciparum","0","80","uploadSuccess2","thisisatest2","2014-03-13"
"513","Blagborough Imperial","positive","Mus musculus","Plasmodium falciparum","1","63","uploadSuccess1","thisisatest","2014-03-13"
"514","Blagborough Imperial","negative","Homo sapien","Plasmodium falciparum","0","80","uploadSuccess2","thisisatest2","2014-03-13"
"515","Blagborough Imperial","positive","Mus musculus","Plasmodium falciparum","1","63","uploadSuccess1","thisisatest","2014-03-13"
"516","Blagborough Imperial","positive","Mus musculus","Plasmodium falciparum","1","63","uploadSuccess1","thisisatest","2014-03-13"
"517","Blagborough Imperial","positive","Mus musculus","Plasmodium falciparum","1","63","uploadSuccess1","thisisatest","2014-03-13"
"518","Blagborough Imperial","positive","Mus musculus","Plasmodium falciparum","1","63","uploadSuccess1","thisisatest","2014-03-13"
"519","Blagborough Imperial","negative","Homo sapien","Plasmodium falciparum","0","80","uploadSuccess2","thisisatest2","2014-03-13"
"520","Blagborough Imperial","positive","Mus musculus","Plasmodium falciparum","1","10","uploadSuccess3","thisisatest3","2014-03-13"
"521","Blagborough Imperial","negative","Mus musculus","Plasmodium berghei","0","10","","","2014-03-13"
"522","Blagborough Imperial","positive","Mus musculus","Plasmodium falciparum","1","10","uploadSuccess5","thisisatest5","2014-03-13"
"523","Blagborough Imperial","positive","Mus musculus","Plasmodium falciparum","1","63","uploadSuccess1","thisisatest","2014-03-13"
"524","Blagborough Imperial","positive","Mus musculus","Plasmodium falciparum","1","63","uploadSuccess1","thisisatest","2014-03-13"
"525","Blagborough Imperial","negative","Homo sapien","Plasmodium falciparum","0","80","uploadSuccess2","thisisatest2","2014-03-13"
"526","Blagborough Imperial","positive","Mus musculus","Plasmodium falciparum","1","10","uploadSuccess3","thisisatest3","2014-03-13"
"527","Blagborough Imperial","negative","Mus musculus","Plasmodium berghei","0","10","","","2014-03-13"
"528","Blagborough Imperial","positive","Mus musculus","Plasmodium falciparum","1","10","uploadSuccess5","thisisatest5","2014-03-13"
"529","Blagborough Imperial","positive","Mus musculus","Plasmodium falciparum","1","63","uploadSuccess1","thisisatest","2014-03-13"
"530","Blagborough Imperial","positive","Mus musculus","Plasmodium falciparum","1","63","uploadSuccess1","thisisatest","2014-03-13"
"531","Blagborough Imperial","negative","Homo sapien","Plasmodium falciparum","0","80","uploadSuccess2","thisisatest2","2014-03-13"
"532","Blagborough Imperial","positive","Mus musculus","Plasmodium falciparum","1","10","uploadSuccess3","thisisatest3","2014-03-13"
"533","Blagborough Imperial","negative","Mus musculus","Plasmodium berghei","0","10","","","2014-03-13"
"534","Blagborough Imperial","positive","Mus musculus","Plasmodium falciparum","1","10","uploadSuccess5","thisisatest5","2014-03-13"
"535","Blagborough Imperial","positive","Mus musculus","Plasmodium falciparum","1","63","uploadSuccess1","thisisatest","2014-03-13"
"536","Blagborough Imperial","positive","Mus musculus","Plasmodium falciparum","1","63","uploadSuccess1","thisisatest","2014-03-13"
"537","Blagborough Imperial","negative","Homo sapien","Plasmodium falciparum","0","80","uploadSuccess2","thisisatest2","2014-03-13"
"538","Blagborough Imperial","positive","Mus musculus","Plasmodium falciparum","1","10","uploadSuccess3","thisisatest3","2014-03-13"
"539","Blagborough Imperial","negative","Mus musculus","Plasmodium berghei","0","10","","","2014-03-13"
"540","Blagborough Imperial","positive","Mus musculus","Plasmodium falciparum","1","10","uploadSuccess5","thisisatest5","2014-03-13"
"541","Blagborough Imperial","positive","Mus musculus","Plasmodium falciparum","0","2","test","test","2014-03-13"
"542","Blagborough Imperial","positive","Mus musculus","Plasmodium falciparum","0","2","test","test","2014-03-13"
"543","Blagborough Imperial","positive","Mus musculus","Plasmodium falciparum","0","2","test","test","2014-03-13"
"544","Blagborough Imperial","positive","Mus musculus","Plasmodium falciparum","0","2","test","test","2014-03-13"
"545","Blagborough Imperial","positive","Mus musculus","Plasmodium falciparum","0","2","test","test","2014-03-13"
"546","Blagborough Imperial","positive","Mus musculus","Plasmodium falciparum","0","2","test","test","2014-03-13"
"547","Blagborough Imperial","positive","Mus musculus","Plasmodium falciparum","0","2","test","test","2014-03-13"
"548","Blagborough Imperial","positive","Mus musculus","Plasmodium falciparum","0","2","test","test","2014-03-13"
"549","Blagborough Imperial","positive","Mus musculus","Plasmodium falciparum","0","2","test","test","2014-03-13"
"550","Blagborough Imperial","positive","Mus musculus","Plasmodium falciparum","0","2","test","test","2014-03-13"
"551","Blagborough Imperial","positive","Mus musculus","Plasmodium falciparum","0","2","2","2","2014-03-13"
"552","Blagborough Imperial","positive","Mus musculus","Plasmodium falciparum","0","2","2","2","2014-03-13"
"553","Blagborough Imperial","positive","Mus musculus","Plasmodium falciparum","0","2","2","2","2014-03-13"
"554","Blagborough Imperial","positive","Mus musculus","Plasmodium falciparum","0","2","2","2","2014-03-13"
"555","Blagborough Imperial","positive","Mus musculus","Plasmodium falciparum","0","2","2","2","2014-03-13"
"556","Blagborough Imperial","positive","Mus musculus","Plasmodium falciparum","0","2","2","2","2014-03-13"
"557","Blagborough Imperial","positive","Mus musculus","Plasmodium falciparum","0","2","2","2","2014-03-13"
"558","Blagborough Imperial","positive","Mus musculus","Plasmodium falciparum","0","2","2","2","2014-03-13"
"559","Blagborough Imperial","positive","Mus musculus","Plasmodium falciparum","0","2","2","2","2014-03-13"
"560","Blagborough Imperial","positive","Mus musculus","Plasmodium falciparum","0","2","2","2","2014-03-13"
"561","Blagborough Imperial","positive","Mus musculus","Plasmodium falciparum","0","2","2","2","2014-03-13"
"562","Blagborough Imperial","positive","Mus musculus","Plasmodium falciparum","0","2","2","2","2014-03-13"
"563","Blagborough Imperial","positive","Mus musculus","Plasmodium falciparum","0","2","2","2","2014-03-13"
"564","Blagborough Imperial","positive","Mus musculus","Plasmodium falciparum","0","2","2","2","2014-03-13"
"565","Blagborough Imperial","positive","Mus musculus","Plasmodium falciparum","0","2","2","2","2014-03-13"
"566","Blagborough Imperial","positive","Mus musculus","Plasmodium falciparum","0","2","2","2","2014-03-13"
"567","Blagborough Imperial","positive","Mus musculus","Plasmodium falciparum","0","2","2","2","2014-03-13"
"568","Blagborough Imperial","positive","Mus musculus","Plasmodium falciparum","0","2","2","2","2014-03-13"
"569","Blagborough Imperial","positive","Mus musculus","Plasmodium falciparum","0","2","2","2","2014-03-13"
"570","Blagborough Imperial","positive","Mus musculus","Plasmodium falciparum","0","1","","","2014-03-13"
"571","Blagborough Imperial","positive","Mus musculus","Plasmodium falciparum","0","1","","","2014-03-13"
"572","Blagborough Imperial","positive","Mus musculus","Plasmodium falciparum","0","1","","","2014-03-13"
"573","Blagborough Imperial","positive","Mus musculus","Plasmodium falciparum","0","1","","","2014-03-13"
"574","Blagborough Imperial","positive","Mus musculus","Plasmodium falciparum","0","2","test","test","2014-03-13"
"575","Blagborough Imperial","positive","Mus musculus","Plasmodium falciparum","0","2","test","test","2014-03-13"
"576","Blagborough Imperial","positive","Mus musculus","Plasmodium falciparum","0","2","test","test","2014-03-13"
"577","Blagborough Imperial","positive","Mus musculus","Plasmodium falciparum","0","2","test","test","2014-03-13"
"578","Blagborough Imperial","positive","Mus musculus","Plasmodium falciparum","0","2","test","test","2014-03-13"
"579","Blagborough Imperial","positive","Mus musculus","Plasmodium falciparum","0","2","test","test","2014-03-13"
"580","Blagborough Imperial","positive","Mus musculus","Plasmodium falciparum","0","2","test","test","2014-03-13"
"581","Blagborough Imperial","positive","Mus musculus","Plasmodium falciparum","0","2","test","test","2014-03-13"
"582","Blagborough Imperial","positive","Mus musculus","Plasmodium falciparum","0","2","test","test","2014-03-13"
"583","Blagborough Imperial","positive","Mus musculus","Plasmodium falciparum","0","2","test","test","2014-03-13"
"584","Blagborough Imperial","positive","Mus musculus","Plasmodium falciparum","0","2","test","test","2014-03-13"
"588","Blagborough Imperial","positive","Mus musculus","Plasmodium falciparum","1","63","uploadSuccess1","thisisatest","2014-03-13"
"589","Blagborough Imperial","positive","Mus musculus","Plasmodium falciparum","1","63","uploadSuccess1","thisisatest","2014-03-13"
"590","Blagborough Imperial","negative","Homo sapien","Plasmodium falciparum","0","80","uploadSuccess2","thisisatest2","2014-03-13"
"591","Blagborough Imperial","positive","Mus musculus","Plasmodium falciparum","1","10","uploadSuccess3","thisisatest3","2014-03-13"
"592","Blagborough Imperial","negative","Mus musculus","Plasmodium berghei","0","10","","","2014-03-13"
"593","Blagborough Imperial","positive","Mus musculus","Plasmodium falciparum","1","10","uploadSuccess5","thisisatest5","2014-03-13"
"594","Blagborough Imperial","positive","Mus musculus","Plasmodium falciparum","1","63","uploadSuccess1","thisisatest","2014-03-13"
"595","Blagborough Imperial","positive","Mus musculus","Plasmodium falciparum","1","63","uploadSuccess1","thisisatest","2014-03-13"
"596","Blagborough Imperial","negative","Homo sapien","Plasmodium falciparum","0","80","uploadSuccess2","thisisatest2","2014-03-13"
"597","Blagborough Imperial","positive","Mus musculus","Plasmodium falciparum","1","10","uploadSuccess3","thisisatest3","2014-03-13"
"598","Blagborough Imperial","negative","Mus musculus","Plasmodium berghei","0","10","","","2014-03-13"
"599","Blagborough Imperial","positive","Mus musculus","Plasmodium falciparum","1","10","uploadSuccess5","thisisatest5","2014-03-13"
"600","Blagborough Imperial","positive","Mus musculus","Plasmodium falciparum","1","63","uploadSuccess1","thisisatest","2014-03-13"
"601","Blagborough Imperial","positive","Mus musculus","Plasmodium falciparum","1","63","uploadSuccess1","thisisatest","2014-03-13"
"602","Blagborough Imperial","negative","Homo sapien","Plasmodium falciparum","0","80","uploadSuccess2","thisisatest2","2014-03-13"
"603","Blagborough Imperial","positive","Mus musculus","Plasmodium falciparum","1","10","uploadSuccess3","thisisatest3","2014-03-13"
"604","Blagborough Imperial","negative","Mus musculus","Plasmodium berghei","0","10","","","2014-03-13"
"605","Blagborough Imperial","positive","Mus musculus","Plasmodium falciparum","1","10","uploadSuccess5","thisisatest5","2014-03-13"
"606","Blagborough Imperial","positive","Mus musculus","Plasmodium falciparum","1","63","uploadSuccess1","thisisatest","2014-03-13"
"607","Blagborough Imperial","positive","Mus musculus","Plasmodium falciparum","1","63","uploadSuccess1","thisisatest","2014-03-13"
"608","Blagborough Imperial","negative","Homo sapien","Plasmodium falciparum","0","80","uploadSuccess2","thisisatest2","2014-03-13"
"609","Blagborough Imperial","positive","Mus musculus","Plasmodium falciparum","1","10","uploadSuccess3","thisisatest3","2014-03-13"
"610","Blagborough Imperial","negative","Mus musculus","Plasmodium berghei","0","10","","","2014-03-13"
"611","Blagborough Imperial","positive","Mus musculus","Plasmodium falciparum","1","10","uploadSuccess5","thisisatest5","2014-03-13"
"612","Blagborough Imperial","positive","Mus musculus","Plasmodium falciparum","1","63","uploadSuccess1","thisisatest","2014-03-13"
"613","Blagborough Imperial","positive","Mus musculus","Plasmodium falciparum","1","63","uploadSuccess1","thisisatest","2014-03-13"
"614","Blagborough Imperial","negative","Homo sapien","Plasmodium falciparum","0","80","uploadSuccess2","thisisatest2","2014-03-13"
"615","Blagborough Imperial","positive","Mus musculus","Plasmodium falciparum","1","10","uploadSuccess3","thisisatest3","2014-03-13"
"616","Blagborough Imperial","negative","Mus musculus","Plasmodium berghei","0","10","","","2014-03-13"
"617","Blagborough Imperial","positive","Mus musculus","Plasmodium falciparum","1","10","uploadSuccess5","thisisatest5","2014-03-13"
"627","Blagborough Imperial","positive","Mus musculus","Plasmodium falciparum","1","63","uploadSuccess1","thisisatest","2014-03-13"
"628","Blagborough Imperial","positive","Mus musculus","Plasmodium falciparum","1","63","uploadSuccess1","thisisatest","2014-03-13"
"629","Blagborough Imperial","negative","Homo sapien","Plasmodium falciparum","0","80","uploadSuccess2","thisisatest2","2014-03-13"
"630","Blagborough Imperial","positive","Mus musculus","Plasmodium falciparum","1","10","uploadSuccess3","thisisatest3","2014-03-13"
"631","Blagborough Imperial","negative","Mus musculus","Plasmodium berghei","0","10","","","2014-03-13"
"632","Blagborough Imperial","positive","Mus musculus","Plasmodium falciparum","1","10","uploadSuccess5","thisisatest5","2014-03-13"
"633","Blagborough Imperial","positive","Mus musculus","Plasmodium falciparum","0","1","test","test","2014-03-13"
"634","Blagborough Imperial","positive","Mus musculus","Plasmodium falciparum","0","1","test","test for committing","2014-03-13"
"635","Blagborough Imperial","positive","Mus musculus","Plasmodium falciparum","0","1","test","test for committing ","2014-03-13"
"638","Blagborough Imperial","positive","Mus musculus","Plasmodium falciparum","0","2","","lololol","2014-03-13"
"639","Blagborough Imperial","negative","Mus musculus","Plasmodium falciparum","0","2","","(DELETE FROM malariamain WHERE 1=1)","2014-03-13"
"640","Blagborough Imperial","negative","Mus musculus","Plasmodium falciparum","0","2","","DELETE FROM malariamain WHERE 1=1","2014-03-13"
"641","Blagborough Imperial","negative","Mus musculus","Plasmodium falciparum","0","2","","DELETE * FROM malariamain WHERE 1=1","2014-03-13"
"642","Blagborough Imperial","negative","Mus musculus","Plasmodium falciparum","0","2","","nothing AND (DELETE * FROM malariamain WHERE 1=1) ","2014-03-13"
"643","Blagborough, Imperial","negative","Mus Musculus","Plasmodium falciparum","0","4","Heyyy","","2014-03-13"
"644","Blagborough, Imperial","negative","Mus Musculus","Plasmodium falciparum","0","4","Heyyy","","2014-03-13"
"645","Blagborough, Imperial","negative","Mus Musculus","Plasmodium falciparum","0","4","Heyyy","","2014-03-13"
"646","Blagborough, Imperial","negative","Mus Musculus","Plasmodium falciparum","0","4","Heyyy","","2014-03-13"
"649","Blagborough Imperial","negative","Mus musculus","Plasmodium falciparum","0","2","","concurrent","2014-03-13"
"744","Blagborough Imperial","positive","Mus musculus","Plasmodium falciparum","0","1","","","2014-04-02"
"763","Blagborough Imperial","positive","Mus musculus","Plasmodium falciparum","0","1","","","2014-04-02"
"764","Blagborough Imperial","positive","Mus musculus","Plasmodium falciparum","0","1","","","2014-04-02"
"765","Blagborough Imperial","positive","Mus musculus","Plasmodium falciparum","0","1","","","2014-04-02"
"766","Blagborough Imperial","positive","Mus musculus","Plasmodium falciparum","0","1","","","2014-04-02"
"767","Blagborough Imperial","positive","Mus musculus","Plasmodium falciparum","0","1","","","2014-04-02"
"768","Blagborough Imperial","positive","Mus musculus","Plasmodium falciparum","0","1","","","2014-04-02"
"769","Blagborough Imperial","positive","Mus musculus","Plasmodium falciparum","0","1","","","2014-04-02"
"770","Blagborough Imperial","positive","Mus musculus","Plasmodium falciparum","0","1","","","2014-04-02"
"771","Blagborough Imperial","positive","Mus musculus","Plasmodium falciparum","0","1","","","2014-04-02"
"772","Blagborough Imperial","positive","Mus musculus","Plasmodium falciparum","0","1","","","2014-04-02"
"773","Blagborough Imperial","negative","Homo sapien","Plasmodium berghei","0","1","","","2014-04-02"
"774","Blagborough Imperial","negative","Homo sapien","Plasmodium berghei","0","1","","","2014-04-02"
"775","Blagborough Imperial","negative","Homo sapien","Plasmodium berghei","0","1","","","2014-04-02"
"647","Blagborough, Imperial","negative","Mus Musculus","Plasmodium falciparum","0","4","Heyyy","","2014-03-13"
"648","Blagborough, Imperial","negative","Mus Musculus","Plasmodium falciparum","0","4","Heyyy","","2014-03-13"
"650","Blagborough, Imperial","negative","Mus Musculus","Plasmodium falciparum","0","4","Heyyy","","2014-03-13"
"651","Blagborough, Imperial","negative","Mus Musculus","Plasmodium falciparum","0","4","Heyyy","","2014-03-13"
"745","Blagborough Imperial","positive","Mus musculus","Plasmodium falciparum","0","1","","","2014-04-02"
"746","Blagborough Imperial","positive","Mus musculus","Plasmodium falciparum","0","1","","","2014-04-02"
"747","Blagborough Imperial","positive","Mus musculus","Plasmodium falciparum","0","1","","","2014-04-02"
"748","Blagborough Imperial","positive","Mus musculus","Plasmodium falciparum","0","1","","","2014-04-02"
"749","Blagborough Imperial","positive","Mus musculus","Plasmodium falciparum","0","1","","","2014-04-02"
"750","Blagborough Imperial","positive","Mus musculus","Plasmodium falciparum","0","1","","","2014-04-02"
"751","Blagborough Imperial","positive","Mus musculus","Plasmodium falciparum","0","1","","","2014-04-02"
"752","Blagborough Imperial","positive","Mus musculus","Plasmodium falciparum","0","1","","","2014-04-02"
"753","Blagborough Imperial","positive","Mus musculus","Plasmodium falciparum","0","1","","","2014-04-02"
"754","Blagborough Imperial","positive","Mus musculus","Plasmodium falciparum","0","1","","","2014-04-02"
"755","Blagborough Imperial","positive","Mus musculus","Plasmodium falciparum","0","1","","","2014-04-02"
"756","Blagborough Imperial","positive","Mus musculus","Plasmodium falciparum","0","1","","","2014-04-02"
"757","Blagborough Imperial","positive","Mus musculus","Plasmodium falciparum","0","1","","","2014-04-02"
"758","Blagborough Imperial","positive","Mus musculus","Plasmodium falciparum","0","1","","","2014-04-02"
"652","Blagborough, Imperial","negative","Mus Musculus","Plasmodium falciparum","0","4","Heyyy","","2014-03-13"
"653","Blagborough, Imperial","negative","Mus Musculus","Plasmodium falciparum","0","4","Heyyy","","2014-03-13"
"654","Blagborough, Imperial","negative","Mus Musculus","Plasmodium falciparum","0","4","Heyyy","","2014-03-13"
"655","Blagborough, Imperial","negative","Mus Musculus","Plasmodium falciparum","0","4","Heyyy","","2014-03-13"
"759","Blagborough Imperial","positive","Homo sapien","Plasmodium falciparum","0","1","","","2014-04-02"
"760","Blagborough Imperial","positive","Homo sapien","Plasmodium falciparum","0","1","","","2014-04-02"
"761","Blagborough Imperial","positive","Homo sapien","Plasmodium falciparum","0","1","","","2014-04-02"
"762","Blagborough Imperial","positive","Homo sapien","Plasmodium falciparum","0","1","","","2014-04-02"
"776","Blagborough Imperial","positive","Mus musculus","Plasmodium falciparum","0","1","","","2014-04-02"
"777","Blagborough Imperial","positive","Mus musculus","Plasmodium falciparum","0","1","","","2014-04-02"
"778","Blagborough Imperial","positive","Mus musculus","Plasmodium falciparum","0","1","","","2014-04-02"
"779","Blagborough Imperial","positive","Mus musculus","Plasmodium falciparum","0","1","","","2014-04-02"
"780","Blagborough Imperial","positive","Mus musculus","Plasmodium falciparum","0","1","","","2014-04-02"
"781","Blagborough Imperial","positive","Mus musculus","Plasmodium falciparum","0","1","","","2014-04-02"
"782","Blagborough Imperial","positive","Mus musculus","Plasmodium falciparum","0","1","","","2014-04-02"
"783","Blagborough Imperial","positive","Mus musculus","Plasmodium falciparum","0","1","","","2014-04-02"
"784","Blagborough Imperial","positive","Mus musculus","Plasmodium falciparum","0","1","","","2014-04-02"
"785","Blagborough Imperial","positive","Mus musculus","Plasmodium falciparum","0","1","","","2014-04-02"
"656","Blagborough, Imperial","negative","Mus Musculus","Plasmodium falciparum","0","4","Heyy","","2014-03-13"
"657","Blagborough, Imperial","negative","Mus Musculus","Plasmodium falciparum","0","4","Heyy","","2014-03-13"
"658","Blagborough, Imperial","negative","Mus Musculus","Plasmodium berghei","0","1","kj","hj","2014-03-14"
"659","Blagborough, Imperial","negative","Mus Musculus","Plasmodium berghei","0","1","kj","hj","2014-03-14"
"660","Blagborough, Imperial","negative","Mus Musculus","Plasmodium berghei","0","1","kj","hj","2014-03-14"
"661","Blagborough, Imperial","negative","Mus Musculus","Plasmodium berghei","0","1","kj","hj","2014-03-14"
"662","Blagborough, Imperial","negative","Mus Musculus","Plasmodium berghei","0","1","kj","hj","2014-03-14"
"663","Blagborough Imperial","positive","Mus musculus","Plasmodium falciparum","1","63","uploadSuccess1","thisisatest","2014-03-14"
"664","Blagborough Imperial","positive","Mus musculus","Plasmodium falciparum","1","63","uploadSuccess1","thisisatest","2014-03-14"
"665","Blagborough Imperial","negative","Homo sapien","Plasmodium falciparum","0","80","uploadSuccess2","thisisatest2","2014-03-14"
"666","Blagborough Imperial","positive","Mus musculus","Plasmodium falciparum","1","10","uploadSuccess3","thisisatest3","2014-03-14"
"667","Blagborough Imperial","negative","Mus musculus","Plasmodium berghei","0","10","","","2014-03-14"
"668","Blagborough Imperial","positive","Mus musculus","Plasmodium falciparum","1","10","uploadSuccess5","thisisatest5","2014-03-14"
"669","Blagborough, Imperial","negative","Mus Musculus","Plasmodium falciparum","0","1","Heyyy","d","2014-03-14"
"670","Blagborough, Imperial","negative","Mus Musculus","Plasmodium falciparum","0","1","Heyyy","d","2014-03-14"
"671","Blagborough, Imperial","negative","Homo Sapien","Plasmodium falciparum","0","1","d","d","2014-03-14"
"672","Blagborough, Imperial","negative","Homo Sapien","Plasmodium falciparum","0","1","d","d","2014-03-14"
"673","Blagborough, Imperial","negative","Mus Musculus","Plasmodium falciparum","0","1","d","s","2014-03-14"
"674","Blagborough, Imperial","negative","Mus Musculus","Plasmodium falciparum","0","1","d","s","2014-03-14"
"675","Blagborough, Imperial","negative","Homo Sapien","Plasmodium falciparum","0","1","Heyyy","d","2014-03-14"
"676","Blagborough, Imperial","negative","Homo Sapien","Plasmodium falciparum","0","1","Heyyy","d","2014-03-14"
"677","Blagborough, Imperial","negative","Mus Musculus","Plasmodium berghei","0","1","Heyyy","d","2014-03-14"
"678","Blagborough, Imperial","negative","Mus Musculus","Plasmodium berghei","0","1","Heyyy","d","2014-03-14"
"679","Blagborough, Imperial","negative","Mus Musculus","Plasmodium falciparum","0","1","Heyyy","d","2014-03-14"
"680","Blagborough, Imperial","negative","Mus Musculus","Plasmodium falciparum","0","1","Heyyy","d","2014-03-14"
"681","Blagborough, Imperial","negative","Mus Musculus","Plasmodium falciparum","0","1","Heyyy","d","2014-03-14"
"682","Blagborough, Imperial","negative","Mus Musculus","Plasmodium falciparum","0","1","Heyyy","d","2014-03-14"
"683","Blagborough, Imperial","negative","Mus Musculus","Plasmodium falciparum","0","1","Heyyy","d","2014-03-14"
"684","Blagborough, Imperial","negative","Mus Musculus","Plasmodium falciparum","0","1","Heyyy","d","2014-03-14"
"685","Blagborough, Imperial","negative","Mus Musculus","Plasmodium falciparum","0","1","Heyyy","d","2014-03-14"
"686","Blagborough, Imperial","negative","Mus Musculus","Plasmodium falciparum","0","1","Heyyy","d","2014-03-14"
"687","Blagborough, Imperial","negative","Mus Musculus","Plasmodium falciparum","0","1","Heyyy","d","2014-03-14"
"688","Blagborough, Imperial","negative","Mus Musculus","Plasmodium falciparum","0","1","Heyyy","d","2014-03-14"
"689","Blagborough, Imperial","negative","Mus Musculus","Plasmodium falciparum","0","1","Heyyy","d","2014-03-14"
"690","Blagborough, Imperial","negative","Mus Musculus","Plasmodium falciparum","0","1","Heyyy","d","2014-03-14"
"691","Blagborough, Imperial","negative","Mus Musculus","Plasmodium falciparum","0","1","Heyyy","d","2014-03-14"
"692","Blagborough, Imperial","negative","Mus Musculus","Plasmodium falciparum","0","1","Heyyy","d","2014-03-14"
"693","Blagborough, Imperial","negative","Mus Musculus","Plasmodium falciparum","0","1","Heyyy","d","2014-03-14"
"694","Blagborough, Imperial","negative","Mus Musculus","Plasmodium falciparum","0","1","Heyyy","d","2014-03-14"
"695","Blagborough, Imperial","negative","Mus Musculus","Plasmodium falciparum","0","1","Heyyy","d","2014-03-14"
"696","Blagborough, Imperial","negative","Mus Musculus","Plasmodium falciparum","0","1","Heyyy","d","2014-03-14"
"697","Blagborough, Imperial","negative","Mus Musculus","Plasmodium falciparum","0","1","Heyyy","d","2014-03-14"
"698","Blagborough, Imperial","negative","Mus Musculus","Plasmodium falciparum","0","1","Heyyy","d","2014-03-14"
"699","Blagborough, Imperial","negative","Mus Musculus","Plasmodium falciparum","0","1","Heyyy","n fucking g? g for ginger you fucking twat what are you bong eyed
jesus","2014-03-14"
"700","Blagborough, Imperial","negative","Mus Musculus","Plasmodium falciparum","0","1","Heyyy","n fucking g? g for ginger you fucking twat what are you bong eyed
jesus","2014-03-14"
"701","Blagborough Imperial","positive","Mus musculus","Plasmodium falciparum","0","1","new","","2014-04-01"
"702","Blagborough Imperial","negative","Mus musculus","Plasmodium berghei","0","1","","","2014-04-01"
"703","Blagborough Imperial","negative","Mus musculus","Plasmodium berghei","0","1","","","2014-04-01"
"704","Blagborough Imperial","positive","Mus musculus","Plasmodium berghei","0","1","","","2014-04-01"
"705","Blagborough Imperial","positive","Homo sapien","Plasmodium falciparum","0","1","","","2014-04-01"
"706","Blagborough Imperial","positive","Homo sapien","Plasmodium falciparum","0","1","","","2014-04-01"
"707","Blagborough Imperial","positive","Homo sapien","Plasmodium falciparum","0","1","","","2014-04-01"
"708","Blagborough Imperial","positive","Homo sapien","Plasmodium falciparum","0","1","","","2014-04-01"
"709","Blagborough Imperial","positive","Mus musculus","Plasmodium falciparum","0","1","","","2014-04-01"
"710","Blagborough Imperial","negative","Mus musculus","Plasmodium berghei","0","1","","","2014-04-01"
"711","Blagborough Imperial","negative","Mus musculus","Plasmodium berghei","0","1","","","2014-04-01"
"712","Blagborough Imperial","negative","Mus musculus","Plasmodium berghei","0","1","","","2014-04-01"
"713","Blagborough Imperial","negative","Mus musculus","Plasmodium berghei","0","1","","","2014-04-01"
"714","Blagborough Imperial","positive","Mus musculus","Plasmodium falciparum","0","1","","","2014-04-01"
"715","Blagborough Imperial","positive","Mus musculus","Plasmodium falciparum","0","1","","","2014-04-01"
"716","Blagborough Imperial","positive","Mus musculus","Plasmodium falciparum","0","1","","","2014-04-01"
"717","Blagborough Imperial","positive","Mus musculus","Plasmodium falciparum","0","1","multiple","","2014-04-01"
"718","Blagborough Imperial","positive","Mus musculus","Plasmodium falciparum","0","1","multiple","","2014-04-01"
"719","Blagborough Imperial","positive","Mus musculus","Plasmodium falciparum","0","1","multipletest","","2014-04-01"
"720","Blagborough Imperial","positive","Mus musculus","Plasmodium falciparum","0","1","multipletest","","2014-04-01"
"721","Blagborough Imperial","positive","Mus musculus","Plasmodium falciparum","0","1","multipletest","","2014-04-01"
"722","Blagborough Imperial","positive","Mus musculus","Plasmodium falciparum","0","1","multipletest","","2014-04-01"
"723","Blagborough Imperial","positive","Mus musculus","Plasmodium falciparum","0","1","multipletest","","2014-04-01"
"724","Blagborough Imperial","positive","Mus musculus","Plasmodium falciparum","0","1","multipleimages","","2014-04-01"
"725","Blagborough Imperial","positive","Mus musculus","Plasmodium falciparum","0","1","multipleimages","","2014-04-01"
"726","Blagborough Imperial","positive","Mus musculus","Plasmodium falciparum","0","1","multipleimages","","2014-04-01"
"727","Blagborough Imperial","positive","Mus musculus","Plasmodium falciparum","0","1","multipleimages","","2014-04-01"
"728","Blagborough Imperial","positive","Mus musculus","Plasmodium falciparum","0","1","multipleimages","","2014-04-01"
"729","Blagborough Imperial","positive","Mus musculus","Plasmodium falciparum","0","1","","","2014-04-02"
"730","Blagborough Imperial","positive","Mus musculus","Plasmodium falciparum","0","1","","","2014-04-02"
"731","Blagborough Imperial","positive","Mus musculus","Plasmodium falciparum","0","1","","","2014-04-02"
"732","Blagborough Imperial","positive","Mus musculus","Plasmodium falciparum","0","1","","","2014-04-02"
"733","Blagborough Imperial","positive","Mus musculus","Plasmodium falciparum","0","1","","","2014-04-02"
"734","Blagborough Imperial","negative","Mus musculus","Plasmodium berghei","0","1","testst","","2014-04-02"
"735","Blagborough Imperial","positive","Mus musculus","Plasmodium falciparum","0","1","","","2014-04-02"
"736","Blagborough Imperial","positive","Mus musculus","Plasmodium falciparum","0","1","","","2014-04-02"
"737","Blagborough Imperial","positive","Mus musculus","Plasmodium falciparum","0","1","","","2014-04-02"
"738","Blagborough Imperial","positive","Mus musculus","Plasmodium falciparum","0","1","","","2014-04-02"
"739","Blagborough Imperial","positive","Mus musculus","Plasmodium falciparum","0","1","","","2014-04-02"
"740","Blagborough Imperial","positive","Mus musculus","Plasmodium falciparum","0","1","","","2014-04-02"
"741","Blagborough Imperial","positive","Mus musculus","Plasmodium falciparum","0","1","","","2014-04-02"
"742","Blagborough Imperial","positive","Mus musculus","Plasmodium falciparum","0","1","","","2014-04-02"
"743","Blagborough Imperial","positive","Mus musculus","Plasmodium falciparum","0","1","","","2014-04-02"
"786","Blagborough Imperial","positive","Mus musculus","Plasmodium falciparum","0","1","","","2014-04-02"
"787","Blagborough Imperial","positive","Mus musculus","Plasmodium falciparum","0","1","","","2014-04-02"
"788","Blagborough Imperial","positive","Mus musculus","Plasmodium falciparum","0","1","","","2014-04-02"
"789","Blagborough Imperial","positive","Mus musculus","Plasmodium falciparum","0","1","","","2014-04-02"
"790","Blagborough Imperial","positive","Mus musculus","Plasmodium falciparum","0","1","","","2014-04-02"
"791","Blagborough Imperial","positive","Mus musculus","Plasmodium falciparum","0","1","","","2014-04-02"
"792","Blagborough Imperial","positive","Mus musculus","Plasmodium falciparum","0","1","","","2014-04-02"
"793","Blagborough Imperial","positive","Mus musculus","Plasmodium falciparum","0","1","","","2014-04-09"
"801","Blagborough Imperial","positive","Mus musculus","Plasmodium falciparum","0","1","","","2014-04-10"
"802","Blagborough Imperial","positive","Mus musculus","Plasmodium falciparum","0","1","","","2014-04-10"
"803","Blagborough Imperial","positive","Mus musculus","Plasmodium falciparum","0","1","","","2014-04-10"
"804","Blagborough Imperial","positive","Mus musculus","Plasmodium falciparum","0","1","","","2014-04-10"
"805","Blagborough Imperial","positive","Mus musculus","Plasmodium falciparum","0","1","","","2014-04-10"
"806","Blagborough Imperial","positive","Mus musculus","Plasmodium falciparum","0","1","","","2014-04-10"
"807","Blagborough Imperial","positive","Mus musculus","Plasmodium falciparum","0","1","","","2014-04-10"
"838","Blagborough Imperial","negative","Mus musculus","Plasmodium falciparum","0","1","","","2014-04-10"
"839","Blagborough Imperial","negative","Mus musculus","Plasmodium falciparum","0","1","","","2014-04-10"
"840","Blagborough Imperial","negative","Mus musculus","Plasmodium falciparum","0","1","","","2014-04-10"
"841","Blagborough Imperial","positive","Mus musculus","Plasmodium falciparum","0","1","loadingbar","","2014-04-10"
"842","Blagborough Imperial","positive","Mus musculus","Plasmodium falciparum","0","1","loadingbar","","2014-04-10"
"843","Blagborough Imperial","positive","Mus musculus","Plasmodium falciparum","0","1","loadingbar","","2014-04-10"
"844","Blagborough Imperial","positive","Mus musculus","Plasmodium falciparum","0","1","loadingbar","","2014-04-10"
"845","Blagborough Imperial","positive","Mus musculus","Plasmodium falciparum","0","1","loadingbar","","2014-04-10"
"846","Blagborough Imperial","positive","Mus musculus","Plasmodium falciparum","0","1","loadingbar","","2014-04-10"
"847","Blagborough Imperial","positive","Mus musculus","Plasmodium falciparum","0","1","proof","","2014-04-10"
"848","Blagborough Imperial","positive","Mus musculus","Plasmodium falciparum","0","1","someimages","","2014-04-11"
"849","Blagborough Imperial","positive","Mus musculus","Plasmodium falciparum","0","1","someimages","","2014-04-11"
"850","Blagborough Imperial","positive","Mus musculus","Plasmodium falciparum","0","1","someimages","","2014-04-11"
"851","Blagborough Imperial","positive","Mus musculus","Plasmodium falciparum","0","1","someimages","","2014-04-11"
"852","Blagborough Imperial","positive","Mus musculus","Plasmodium falciparum","0","1","someimages","","2014-04-11"
"853","Blagborough Imperial","positive","Mus musculus","Plasmodium falciparum","0","1","someimages","","2014-04-11"
"854","Blagborough Imperial","positive","Mus musculus","Plasmodium falciparum","0","1","someimages","","2014-04-11"
"855","Blagborough Imperial","positive","Mus musculus","Plasmodium falciparum","0","1","someimages","","2014-04-11"
"856","Blagborough Imperial","positive","Mus musculus","Plasmodium falciparum","0","1","someimages","","2014-04-11"
"857","Blagborough Imperial","positive","Mus musculus","Plasmodium falciparum","0","1","","","2014-05-12"
"858","Blagborough Imperial","positive","Mus musculus","Plasmodium berghei","0","1","","","2014-05-15"
"859","Blagborough Imperial","positive","Mus musculus","Plasmodium berghei","0","1","","","2014-05-15"
"860","Blagborough Imperial","positive","Mus musculus","Plasmodium falciparum","0","1","","","2014-05-15"
"861","Blagborough Imperial","positive","Mus musculus","Plasmodium falciparum","0","1","","","2014-05-15"
"862","Blagborough Imperial","positive","Mus musculus","Plasmodium falciparum","0","1","","","2014-05-15"
"863","Blagborough Imperial","positive","Mus musculus","Plasmodium falciparum","0","1","","","2014-05-15"
"864","Blagborough Imperial","positive","Mus musculus","Plasmodium falciparum","0","1","","","2014-05-15"
"865","Blagborough Imperial","positive","Mus musculus","Plasmodium falciparum","0","1","","","2014-05-15"
"866","Blagborough Imperial","positive","Mus musculus","Plasmodium falciparum","0","1","","","2014-05-15"
"867","Blagborough Imperial","positive","Mus musculus","Plasmodium falciparum","0","1","","","2014-05-15"
"868","Blagborough Imperial","positive","Mus musculus","Plasmodium falciparum","0","1","","","2014-05-15"
"869","Blagborough Imperial","positive","Mus musculus","Plasmodium falciparum","0","1","","","2014-05-15"
"870","Blagborough Imperial","positive","Mus musculus","Plasmodium falciparum","0","1","","","2014-05-15"
"871","Blagborough Imperial","positive","Mus musculus","Plasmodium falciparum","0","1","","","2014-05-15"
"872","Blagborough Imperial","positive","Mus musculus","Plasmodium falciparum","0","1","","","2014-05-15"
"873","Blagborough Imperial","positive","Mus musculus","Plasmodium falciparum","0","1","","","2014-05-15"
"874","Blagborough Imperial","positive","Mus musculus","Plasmodium falciparum","0","1","","","2014-05-15"
"875","Blagborough Imperial","positive","Mus musculus","Plasmodium falciparum","0","1","","","2014-05-15"
"876","Blagborough Imperial","positive","Mus musculus","Plasmodium falciparum","0","1","","","2014-05-15"
"877","Blagborough Imperial","positive","Mus musculus","Plasmodium falciparum","0","1","","","2014-05-15"
"878","Blagborough Imperial","positive","Mus musculus","Plasmodium falciparum","0","1","","","2014-05-15"
"879","Blagborough Imperial","positive","Mus musculus","Plasmodium falciparum","0","1","","","2014-05-15"
"880","Blagborough Imperial","positive","Mus musculus","Plasmodium falciparum","0","1","","","2014-05-15"
"881","Blagborough Imperial","positive","Mus musculus","Plasmodium falciparum","0","1","","","2014-05-15"
"882","Blagborough Imperial","positive","Mus musculus","Plasmodium falciparum","0","1","","","2014-05-15"
"883","Blagborough Imperial","positive","Mus musculus","Plasmodium falciparum","0","1","","","2014-05-15"
"884","Blagborough Imperial","positive","Mus musculus","Plasmodium falciparum","0","1","","","2014-05-15"
"885","Blagborough Imperial","positive","Mus musculus","Plasmodium falciparum","0","1","","","2014-05-15"
"886","Blagborough Imperial","positive","Mus musculus","Plasmodium falciparum","0","1","","","2014-05-15"
"887","Blagborough Imperial","positive","Mus musculus","Plasmodium falciparum","0","1","","","2014-05-15"
"888","Blagborough Imperial","positive","Mus musculus","Plasmodium falciparum","0","1","","","2014-05-15"
"889","Blagborough Imperial","positive","Mus musculus","Plasmodium falciparum","0","1","","","2014-05-15"
"890","Blagborough Imperial","positive","Mus musculus","Plasmodium falciparum","0","1","","","2014-05-15"
"891","Blagborough Imperial","positive","Mus musculus","Plasmodium falciparum","0","1","","","2014-05-15"
"892","Blagborough Imperial","positive","Mus musculus","Plasmodium falciparum","0","1","","","2014-05-15"
"893","Blagborough Imperial","positive","Mus musculus","Plasmodium falciparum","0","1","","","2014-05-15"
"894","Blagborough Imperial","positive","Mus musculus","Plasmodium falciparum","0","1","","","2014-05-15"
"895","Blagborough Imperial","positive","Mus musculus","Plasmodium falciparum","0","1","","","2014-05-15"
"896","Blagborough Imperial","positive","Mus musculus","Plasmodium falciparum","0","1","","","2014-05-15"
"897","Blagborough Imperial","negative","Mus musculus","Plasmodium falciparum","0","1","","","2014-05-15"
"898","Blagborough Imperial","negative","Mus musculus","Plasmodium falciparum","0","1","","","2014-05-15"
"899","Blagborough Imperial","negative","Mus musculus","Plasmodium falciparum","0","1","","","2014-05-15"
"900","Blagborough Imperial","negative","Mus musculus","Plasmodium falciparum","0","1","","","2014-05-15"
"901","Blagborough Imperial","negative","Mus musculus","Plasmodium falciparum","0","1","","","2014-05-15"
"902","Blagborough Imperial","negative","Mus musculus","Plasmodium falciparum","0","1","","","2014-05-15"
"903","Blagborough Imperial","negative","Mus musculus","Plasmodium falciparum","0","1","","","2014-05-15"
"904","Blagborough Imperial","negative","Mus musculus","Plasmodium falciparum","0","1","","","2014-05-15"
"905","Blagborough Imperial","negative","Mus musculus","Plasmodium falciparum","0","1","","","2014-05-15"
"906","Blagborough Imperial","negative","Mus musculus","Plasmodium falciparum","0","1","","","2014-05-15"
"907","Blagborough Imperial","negative","Mus musculus","Plasmodium falciparum","0","1","","","2014-05-15"
"908","Blagborough Imperial","negative","Mus musculus","Plasmodium falciparum","0","1","","","2014-05-15"
"909","Blagborough Imperial","negative","Mus musculus","Plasmodium falciparum","0","1","","","2014-05-15"
"910","Blagborough Imperial","negative","Mus musculus","Plasmodium falciparum","0","1","","","2014-05-15"
"911","Blagborough Imperial","negative","Mus musculus","Plasmodium falciparum","0","1","","","2014-05-15"
"912","Blagborough Imperial","negative","Mus musculus","Plasmodium falciparum","0","1","","","2014-05-15"
"913","Blagborough Imperial","negative","Mus musculus","Plasmodium falciparum","0","1","","","2014-05-15"
"914","Blagborough Imperial","negative","Mus musculus","Plasmodium falciparum","0","1","","","2014-05-15"
"915","Blagborough Imperial","positive","Mus musculus","Plasmodium falciparum","0","1","","","2014-05-15"
"916","Blagborough Imperial","positive","Mus musculus","Plasmodium falciparum","0","1","","","2014-05-15"
"917","Blagborough Imperial","positive","Mus musculus","Plasmodium falciparum","0","1","","","2014-05-15"
"918","Blagborough Imperial","positive","Mus musculus","Plasmodium falciparum","0","1","","","2014-05-15"
"919","Blagborough Imperial","positive","Mus musculus","Plasmodium falciparum","0","1","","","2014-05-15"
"920","Blagborough Imperial","positive","Mus musculus","Plasmodium falciparum","0","1","","","2014-05-15"
"921","Blagborough Imperial","positive","Mus musculus","Plasmodium falciparum","0","1","","","2014-05-15"
"922","Blagborough Imperial","positive","Mus musculus","Plasmodium falciparum","0","1","","","2014-05-15"
"923","Blagborough Imperial","positive","Mus musculus","Plasmodium falciparum","0","1","","","2014-05-15"
"924","Blagborough Imperial","positive","Mus musculus","Plasmodium falciparum","0","1","","","2014-05-15"
"925","Blagborough Imperial","positive","Mus musculus","Plasmodium falciparum","0","1","","","2014-05-15"
"926","Blagborough Imperial","positive","Mus musculus","Plasmodium falciparum","0","1","","","2014-05-15"
"927","Blagborough Imperial","positive","Mus musculus","Plasmodium falciparum","0","1","","","2014-05-15"
